{ "height":12,
 "layers":[
        {
         "data":[0, 0, 0, 0, 0, 0, 0, 0, 0, 0, 0, 0, 0, 0, 41, 44, 43, 45, 0, 0, 0, 0, 0, 0, 0, 0, 0, 0, 0, 0, 0, 0, 0, 0, 0, 41, 44, 43, 42, 44, 42, 43, 44, 45, 0, 0, 0, 0, 0, 0, 0, 0, 0, 0, 0, 41, 42, 43, 44, 42, 44, 42, 43, 44, 45, 0, 31, 31, 40, 31, 31, 16, 17, 29, 17, 16, 16, 29, 20, 0, 17, 17, 17, 0, 0, 0, 1, 2, 3, 29, 5, 0, 0, 0, 0, 0, 0, 0, 0, 0, 0, 0, 0, 0, 0, 0, 0, 39, 31, 20, 0, 0, 0, 0, 31, 40, 31, 0, 0, 0, 0, 0, 13, 13, 13, 0, 0, 0, 0, 0, 0, 0, 0, 0, 0, 0, 0, 0, 0, 0, 0, 0, 0, 0, 0, 0, 0, 0, 0, 0, 0, 0, 0, 0, 0, 0, 0, 0, 0, 0, 0, 0, 0, 0, 0, 0, 0, 0, 61, 61, 0, 0, 0, 0, 0, 0, 0, 0, 0, 0, 0, 0, 0, 0, 18, 0, 0, 0, 0, 0, 0, 0, 0, 0, 0, 0, 0, 0, 30, 0, 0, 0, 0, 0, 0, 0, 0, 0, 0, 31, 0, 0, 0, 0, 0, 0, 0, 0, 0, 0, 0, 0, 0, 0, 0, 0, 0, 0, 0, 30, 0, 0, 0, 0, 10, 10, 10, 0, 0, 0, 0, 0, 0, 0, 13, 0, 0, 0, 0, 0, 0, 0, 0, 0, 0, 0, 0, 61, 61, 61, 0, 0, 0, 0, 61, 61, 0, 0, 0, 0, 0, 0, 0, 0, 0, 0, 0, 0, 0, 0, 0, 61, 0, 0, 0, 0, 0, 0, 61, 61, 0, 0, 0, 0, 0, 61, 61, 61, 0, 0, 61, 61, 61, 61, 20, 0, 61, 61, 61, 0, 61, 61, 61, 0, 0, 61, 61, 61, 20, 0, 0, 0, 61, 61, 0, 0, 0, 61, 61, 40, 0, 0, 0, 0, 0, 0, 0, 0, 0, 0, 0, 0, 0, 0, 0, 0, 0, 0, 0, 10, 0, 0, 0, 0, 19, 0, 0, 0, 0, 0, 0, 0, 0, 13, 13, 0, 0, 0, 0, 0, 0, 0, 0, 0, 19, 13, 14, 23, 14, 15, 0, 0, 0, 0, 33, 36, 0, 0, 0, 0, 0, 0, 0, 0, 0, 0, 0, 0, 0, 0, 61, 61, 32, 33, 37, 0, 0, 0, 33, 36, 0, 0, 0, 0, 0, 33, 34, 35, 36, 37, 0, 0, 18, 61, 30, 61, 61, 18, 61, 0, 18, 18, 0, 0, 18, 61, 18, 61, 0, 0, 0, 61, 18, 61, 0, 0, 61, 18, 61, 31, 0, 0, 0, 0, 0, 61, 0, 0, 0, 0, 0, 0, 0, 0, 0, 0, 0, 0, 0, 20, 0, 61, 61, 0, 29, 0, 0, 0, 0, 0, 0, 0, 0, 0, 13, 0, 0, 0, 0, 0, 0, 0, 0, 0, 29, 16, 16, 20, 0, 0, 0, 0, 0, 0, 0, 0, 0, 0, 0, 0, 61, 61, 61, 0, 0, 13, 23, 15, 0, 0, 19, 19, 0, 0, 0, 0, 0, 0, 0, 0, 0, 0, 0, 0, 0, 0, 0, 0, 0, 16, 25, 25, 19, 61, 10, 61, 10, 10, 0, 10, 8, 8, 25, 25, 10, 10, 10, 61, 0, 0, 61, 18, 18, 0, 0, 0, 33, 36, 61, 10, 0, 0, 0, 0, 0, 18, 61, 0, 0, 0, 0, 0, 0, 61, 61, 0, 0, 0, 0, 30, 61, 13, 15, 0, 0, 0, 0, 0, 0, 0, 0, 0, 13, 13, 13, 0, 0, 0, 0, 0, 0, 33, 34, 35, 36, 16, 16, 30, 0, 0, 0, 0, 0, 0, 0, 0, 0, 0, 0, 0, 8, 8, 8, 0, 24, 26, 19, 28, 0, 0, 29, 29, 0, 0, 0, 0, 0, 0, 0, 0, 0, 0, 0, 0, 0, 61, 61, 61, 61, 16, 16, 17, 29, 61, 61, 61, 31, 39, 25, 31, 40, 31, 31, 31, 31, 0, 0, 0, 1, 2, 3, 4, 5, 0, 0, 0, 39, 39, 0, 0, 0, 0, 0, 0, 0, 18, 18, 61, 0, 18, 0, 0, 0, 33, 36, 0, 0, 0, 0, 0, 61, 39, 0, 0, 0, 0, 11, 12, 0, 0, 0, 0, 0, 0, 0, 0, 0, 0, 0, 0, 0, 0, 0, 0, 0, 0, 0, 0, 0, 0, 0, 0, 0, 0, 0, 0, 0, 0, 0, 0, 16, 20, 17, 0, 24, 18, 29, 0, 0, 0, 0, 0, 0, 0, 0, 0, 0, 0, 0, 0, 0, 0, 0, 0, 0, 13, 14, 15, 61, 19, 0, 0, 0, 0, 0, 0, 32, 31, 31, 31, 31, 31, 0, 0, 0, 0, 0, 0, 0, 0, 0, 0, 0, 0, 0, 0, 16, 16, 0, 0, 0, 0, 0, 0, 32, 33, 34, 35, 36, 37, 0, 0, 0, 0, 0, 0, 0, 0, 0, 61, 61, 18, 0, 0, 0, 0, 21, 22, 0, 0, 0, 0, 0, 0, 0, 0, 0, 0, 0, 0, 0, 0, 0, 0, 0, 0, 0, 0, 0, 0, 0, 0, 0, 0, 0, 0, 0, 0, 0, 0, 16, 30, 16, 0, 24, 16, 17, 0, 0, 0, 0, 0, 0, 0, 0, 0, 0, 0, 0, 0, 0, 0, 0, 0, 0, 0, 0, 0, 61, 29, 0, 0, 0, 33, 34, 35, 36, 0, 0, 0, 0, 0, 0, 0, 0, 0, 0, 0, 0, 0, 0, 0, 0, 0, 13, 14, 15, 16, 6, 7, 6, 0, 0, 0, 0, 0, 0, 0, 0, 0, 0, 0, 0, 0, 0, 0, 0, 0, 33, 34, 35, 36, 0, 61, 13, 14, 23, 14, 14, 14, 0, 0, 0, 0, 0, 0, 0, 0, 41, 43, 45, 0, 0, 0, 0, 0, 0, 0, 0, 0, 0, 0, 0, 0, 0, 0, 0, 0, 0, 0, 0, 0, 0, 0, 0, 0, 0, 0, 0, 0, 0, 61, 0, 0, 0, 0, 0, 0, 0, 0, 0, 0, 1, 2, 5, 0, 0, 0, 61, 10, 0, 0, 0, 0, 0, 0, 0, 0, 0, 0, 0, 61, 0, 18, 0, 0, 18, 0, 0, 0, 0, 0, 0, 0, 0, 0, 0, 0, 0, 0, 0, 0, 0, 0, 0, 0, 0, 0, 0, 61, 0, 0, 0, 0, 0, 0, 0, 0, 0, 0, 0, 0, 0, 61, 16, 16, 17, 17, 16, 16, 0, 0, 0, 0, 0, 0, 0, 0, 0, 0, 0, 0, 0, 0, 0, 0, 0, 0, 61, 61, 61, 0, 0, 0, 61, 61, 0, 0, 0, 61, 61, 61, 61, 61, 61, 61, 61, 0, 0, 0, 61, 61, 61, 0, 0, 0, 0, 0, 0, 61, 0, 0, 0, 0, 0, 0, 0, 0, 61, 0, 0, 0, 0, 61, 61, 61, 61, 0, 0, 0, 61, 61, 0, 20, 61, 61, 20, 0, 0, 0, 0, 0, 0, 0, 0, 0, 0, 0, 0, 0, 0, 0, 0, 0, 0, 0, 0, 0, 61, 61, 61, 0, 0, 0, 0, 0, 61, 0, 0, 0, 0, 0, 0, 61, 17, 16, 16, 17, 16, 17, 0, 0, 0, 0, 0, 0, 0, 0, 0, 0, 61, 61, 61, 61, 0, 0, 0, 0, 6, 7, 6, 0, 0, 0, 6, 7, 0, 0, 0, 7, 6, 7, 6, 7, 6, 7, 18, 0, 0, 0, 1, 3, 5, 0, 0, 0, 0, 0, 61, 61, 61, 0, 0, 0, 0, 0, 0, 0, 61, 0, 0, 0, 0, 6, 7, 6, 7, 0, 0, 0, 61, 18, 0, 30, 61, 61, 30, 0, 0, 18, 61, 61, 18, 0, 0, 18, 61, 61, 61, 0, 0, 0, 0, 0, 0, 0, 0, 0, 1, 3, 5, 0, 0, 0, 0, 61, 61, 61, 0, 6, 6, 0, 0, 7, 17, 17, 17, 17, 17, 17, 9, 8, 9, 9, 9, 9, 8, 9, 9, 9, 33, 34, 35, 36, 48, 48, 48, 48, 46, 46, 46, 48, 48, 48, 46, 46, 48, 48, 48, 46, 46, 46, 46, 46, 46, 46, 6, 0, 0, 0, 0, 0, 0, 0, 0, 0, 0, 0, 1, 2, 5, 0, 0, 0, 0, 0, 0, 0, 1, 2, 5, 0, 0, 16, 16, 16, 16, 48, 48, 48, 6, 7, 6, 7, 7, 7, 7, 48, 48, 7, 6, 6, 6, 48, 13, 23, 14, 14, 15, 48, 48, 48, 13, 14, 15, 0, 0, 0, 0, 0, 0, 0, 0, 0, 0, 1, 2, 5, 0, 17, 17, 25, 25, 33, 34, 35, 36, 46, 46, 46],
         "height":12,
         "name":"Tile Layer 1",
         "opacity":1,
         "type":"tilelayer",
         "visible":true,
         "width":120,
         "x":0,
         "y":0
        }],
 "nextobjectid":1,
 "orientation":"orthogonal",
 "properties":
    {

    },
 "renderorder":"right-down",
 "tileheight":64,
 "tilesets":[
        {
         "firstgid":1,
         "image":"..\/tiles\/platforms.png",
         "imageheight":384,
         "imagewidth":640,
         "margin":0,
         "name":"platforms",
         "properties":
            {

            },
         "spacing":0,
         "tileheight":64,
         "tilewidth":64
        }, 
        {
         "firstgid":61,
         "image":"..\/tiles\/gem.png",
         "imageheight":64,
         "imagewidth":64,
         "margin":0,
         "name":"gem",
         "properties":
            {

            },
         "spacing":0,
         "tileheight":64,
         "tilewidth":64
        }],
 "tilewidth":64,
 "version":1,
 "width":120
}